library,folder,tracks,artist_count,albumartist_count,album_count,date_count,candidate_reason,existing_albumartist_state,quality_score,flags
CLASSICAL,/data/Music/CLASSICAL/Bach - Complete/Cantatas,1219,15,1,1,1,multiple_distinct_track_artists,single,96,multiple_artists
CLASSICAL,"/data/Music/CLASSICAL/Bach - Complete/Harpsichord Concertos BWV 1052 - 1058, 1060 - 1065",39,2,2,2,1,multiple_distinct_track_artists,multiple,73,multiple_artists;multiple_albumartists;multiple_album_tags
CLASSICAL,"/data/Music/CLASSICAL/Bach - Complete/Magnificat in D major, BWV 243, Chorales",29,2,2,1,1,multiple_distinct_track_artists,multiple,88,multiple_artists;multiple_albumartists
CLASSICAL,/data/Music/CLASSICAL/Bach - Complete/Secular Cantatas,175,14,1,1,1,multiple_distinct_track_artists,single,96,multiple_artists
CLASSICAL,"/data/Music/CLASSICAL/Bach - Complete/Tilge, Höchster, Meine Sünden (Psalm 51), BWV 1083",17,3,1,1,1,multiple_distinct_track_artists,single,96,multiple_artists
CLASSICAL,"/data/Music/CLASSICAL/Bach - Complete/Triple Concerto BWV 1044, Concertos for Oboe D'Amore BWV 1055, Three Violins BWV 1064",9,3,1,1,1,multiple_distinct_track_artists,single,96,multiple_artists
CLASSICAL,"/data/Music/CLASSICAL/Bach - Complete/Violin Sonatas, Trio Sonatas",15,3,1,1,1,multiple_distinct_track_artists,single,96,multiple_artists
CLASSICAL,"/data/Music/CLASSICAL/Bach/Bach - Christmas Oratorio, St Matthew Passion, St John Passion, Mass in B Minor - Gardiner",200,4,4,4,4,multiple_distinct_track_artists,multiple,65,multiple_artists;multiple_albumartists;multiple_album_tags;multiple_dates
CLASSICAL,/data/Music/CLASSICAL/Bach/Henrik Behrens -- Church Organ,2,2,1,1,1,multiple_distinct_track_artists,single,95,multiple_artists
CLASSICAL,/data/Music/CLASSICAL/Bach/Various,12,2,2,4,2,multiple_distinct_track_artists,multiple,51,multiple_artists;multiple_albumartists;multiple_album_tags;multiple_dates
CLASSICAL,"/data/Music/CLASSICAL/Beethoven - Complete/Canons, Epigrams and Jokes",72,2,1,1,1,multiple_distinct_track_artists,single,96,multiple_artists
CLASSICAL,/data/Music/CLASSICAL/Beethoven - Complete/Chamber Music for Flute,35,4,4,2,1,multiple_distinct_track_artists,multiple,73,multiple_artists;multiple_albumartists;multiple_album_tags
CLASSICAL,/data/Music/CLASSICAL/Beethoven - Complete/Dances,93,6,1,2,1,multiple_distinct_track_artists,single,81,multiple_artists;multiple_album_tags
CLASSICAL,/data/Music/CLASSICAL/Beethoven - Complete/Der Glorreiche Augenblick,30,3,1,1,1,multiple_distinct_track_artists,single,96,multiple_artists
CLASSICAL,/data/Music/CLASSICAL/Beethoven - Complete/Die Geschopfe des Prometheus,19,2,1,1,1,multiple_distinct_track_artists,single,96,multiple_artists
CLASSICAL,/data/Music/CLASSICAL/Beethoven - Complete/Irish Songs WoO 152 & 153 selection & 154,34,2,2,2,1,multiple_distinct_track_artists,multiple,73,multiple_artists;multiple_albumartists;multiple_album_tags
CLASSICAL,/data/Music/CLASSICAL/Beethoven - Complete/Orchestral Works - Organ Works,13,3,1,1,1,multiple_distinct_track_artists,single,96,multiple_artists
CLASSICAL,/data/Music/CLASSICAL/Beethoven - Complete/Piano Concertos No. 2 & Op. 61,6,2,1,1,1,multiple_distinct_track_artists,single,96,multiple_artists
CLASSICAL,/data/Music/CLASSICAL/Beethoven - Complete/Piano Trios,29,2,1,1,2,multiple_distinct_track_artists,single,88,multiple_artists;multiple_dates
CLASSICAL,"/data/Music/CLASSICAL/Beethoven - Complete/Piano Variations - Alfred Brendel, piano",75,2,1,4,1,multiple_distinct_track_artists,single,81,multiple_artists;multiple_album_tags
CLASSICAL,/data/Music/CLASSICAL/Beethoven - Complete/Quintet Op16 Trio Op11 Horn Sonata Op17,9,3,3,1,1,multiple_distinct_track_artists,multiple,88,multiple_artists;multiple_albumartists
CLASSICAL,"/data/Music/CLASSICAL/Beethoven - Complete/Ruins of Athens, King Stephan",17,2,1,1,1,multiple_distinct_track_artists,single,96,multiple_artists
CLASSICAL,/data/Music/CLASSICAL/Beethoven - Complete/Septet Op20 & Sextet Op81b,9,2,1,1,1,multiple_distinct_track_artists,single,96,multiple_artists
CLASSICAL,/data/Music/CLASSICAL/Beethoven - Complete/Serenade Op. 25; Works for Mandolin & Piano,13,4,1,1,1,multiple_distinct_track_artists,single,96,multiple_artists
CLASSICAL,/data/Music/CLASSICAL/Beethoven - Complete/Songs I-IV,83,4,1,1,2,multiple_distinct_track_artists,single,88,multiple_artists;multiple_dates
CLASSICAL,/data/Music/CLASSICAL/Beethoven - Complete/String Ensembles,24,3,2,1,1,multiple_distinct_track_artists,multiple,88,multiple_artists;multiple_albumartists
CLASSICAL,"/data/Music/CLASSICAL/Beethoven - Complete/Trio Op 38, Duo WoO40",7,2,1,1,1,multiple_distinct_track_artists,single,96,multiple_artists
CLASSICAL,"/data/Music/CLASSICAL/Beethoven - Complete/Triple Concerto, Piano Concerto WoO4, Rondo WoO6",7,3,1,1,1,multiple_distinct_track_artists,single,96,multiple_artists
CLASSICAL,/data/Music/CLASSICAL/Beethoven - Complete/Vocal Works (Miscellaneous),14,10,1,1,1,multiple_distinct_track_artists,single,96,multiple_artists
CLASSICAL,/data/Music/CLASSICAL/Beethoven/The Beethoven Treasury,54,6,2,1,0,multiple_distinct_track_artists,multiple,68,multiple_artists;multiple_albumartists;missing_date
CLASSICAL,/data/Music/CLASSICAL/Borodin - Polovtsian Dances,3,3,1,2,0,multiple_distinct_track_artists,single,71,multiple_artists;multiple_album_tags;missing_date
CLASSICAL,/data/Music/CLASSICAL/Brahms/Brahms,4,2,2,3,2,multiple_distinct_track_artists,multiple,62,multiple_artists;multiple_albumartists;multiple_album_tags;multiple_dates
CLASSICAL,/data/Music/CLASSICAL/Choir of The Russian Church of The Metropolitan of Paris,5,4,1,2,2,multiple_distinct_track_artists,single,68,multiple_artists;multiple_album_tags;multiple_dates
CLASSICAL,/data/Music/CLASSICAL/Compilation CDs,2,2,2,2,2,multiple_distinct_track_artists,multiple,50,multiple_artists;multiple_albumartists;multiple_album_tags;multiple_dates
CLASSICAL,/data/Music/CLASSICAL/Compilation CDs/20 Classical tracks,7,7,1,1,1,multiple_distinct_track_artists,single,96,multiple_artists
CLASSICAL,/data/Music/CLASSICAL/Compilation CDs/Best of Classics,17,14,1,1,1,multiple_distinct_track_artists,single,96,multiple_artists
CLASSICAL,/data/Music/CLASSICAL/Compilation CDs/Classic Masters,9,7,1,1,0,multiple_distinct_track_artists,single,83,multiple_artists;missing_date
CLASSICAL,/data/Music/CLASSICAL/Compilation CDs/Classic Weepies,11,9,1,1,1,multiple_distinct_track_artists,single,96,multiple_artists
CLASSICAL,/data/Music/CLASSICAL/Compilation CDs/Classical Brit Awards 2004,24,22,1,1,1,multiple_distinct_track_artists,single,96,multiple_artists
CLASSICAL,/data/Music/CLASSICAL/Compilation CDs/Classical Love,17,14,1,2,2,multiple_distinct_track_artists,single,70,multiple_artists;multiple_album_tags;multiple_dates
CLASSICAL,/data/Music/CLASSICAL/Compilation CDs/Classical Passion,6,6,1,1,1,multiple_distinct_track_artists,single,96,multiple_artists
CLASSICAL,/data/Music/CLASSICAL/Compilation CDs/Essential Ballet,19,10,1,1,1,multiple_distinct_track_artists,single,96,multiple_artists
CLASSICAL,/data/Music/CLASSICAL/Compilation CDs/Essential Classics,10,8,1,1,1,multiple_distinct_track_artists,single,96,multiple_artists
CLASSICAL,/data/Music/CLASSICAL/Compilation CDs/Hungary on CD (Magyarország CD),14,4,1,1,1,multiple_distinct_track_artists,single,96,multiple_artists
CLASSICAL,/data/Music/CLASSICAL/Compilation CDs/Proms Classics,4,4,1,1,0,multiple_distinct_track_artists,single,88,multiple_artists;missing_date
CLASSICAL,/data/Music/CLASSICAL/Compilation CDs/Summer Classics,13,12,1,1,1,multiple_distinct_track_artists,single,96,multiple_artists
CLASSICAL,/data/Music/CLASSICAL/Compilation CDs/Summer Festival Classics,10,9,1,1,1,multiple_distinct_track_artists,single,96,multiple_artists
CLASSICAL,/data/Music/CLASSICAL/Compilation CDs/Sunday Classics,10,8,1,1,1,multiple_distinct_track_artists,single,96,multiple_artists
CLASSICAL,"/data/Music/CLASSICAL/Dvorák/Dvořák - Sibelius - The Swan of Tuonela - London Symphony Orchestra, Sir Charles Mackerras",10,2,1,2,1,multiple_distinct_track_artists,single,81,multiple_artists;multiple_album_tags
CLASSICAL,/data/Music/CLASSICAL/Fauré - The Best Of,16,11,1,1,1,multiple_distinct_track_artists,single,96,multiple_artists
CLASSICAL,"/data/Music/CLASSICAL/Fauré, David Willcocks, Sir Thomas Beecham, Jacqueline du Pré ‎– Pavane, Cantique De Jean Racine, Dolly Suite, Élégie",18,9,1,1,1,multiple_distinct_track_artists,single,96,multiple_artists
CLASSICAL,"/data/Music/CLASSICAL/Great Opera Scenes - Renée Fleming - LSO, Georg Solti",7,3,1,1,1,multiple_distinct_track_artists,single,96,multiple_artists
CLASSICAL,/data/Music/CLASSICAL/Handel - Zadok the Priest,19,11,1,1,1,multiple_distinct_track_artists,single,96,multiple_artists
CLASSICAL,"/data/Music/CLASSICAL/Haydn/Haydn - Sym 88, 92, 94 - Sinfonia Concertante - Die Schopfung; Bernstein",58,7,1,4,4,multiple_distinct_track_artists,single,73,multiple_artists;multiple_album_tags;multiple_dates
CLASSICAL,/data/Music/CLASSICAL/Korngold - Die Tote Stadt - Münchner Rundfunkorchester,17,2,1,1,1,multiple_distinct_track_artists,single,96,multiple_artists
CLASSICAL,/data/Music/CLASSICAL/Liszt/Liszt's Greatest Hits,5,5,1,1,1,multiple_distinct_track_artists,single,96,multiple_artists
CLASSICAL,"/data/Music/CLASSICAL/Mendelssohn/Mendelssohn - Symphony No. 2, Lobgesang",14,4,1,1,1,multiple_distinct_track_artists,single,96,multiple_artists
CLASSICAL,/data/Music/CLASSICAL/Mozart - Complete/Adagios - Notturni - Horn Duos - Divertimento K188,26,4,4,1,1,multiple_distinct_track_artists,multiple,88,multiple_artists;multiple_albumartists
CLASSICAL,/data/Music/CLASSICAL/Mozart - Complete/Cassationen K63 & K99 - Divertimento K251,20,2,2,1,1,multiple_distinct_track_artists,multiple,88,multiple_artists;multiple_albumartists
CLASSICAL,/data/Music/CLASSICAL/Mozart - Complete/Concert Arias,50,9,1,1,3,multiple_distinct_track_artists,single,88,multiple_artists;multiple_dates
CLASSICAL,/data/Music/CLASSICAL/Mozart - Complete/Concertos - Oboe Basson Winds - Sinfonia Concertante K297B,9,4,1,1,1,multiple_distinct_track_artists,single,96,multiple_artists
CLASSICAL,"/data/Music/CLASSICAL/Mozart - Complete/Duos KV 423-424, Trio KV 266",7,2,2,1,1,multiple_distinct_track_artists,multiple,88,multiple_artists;multiple_albumartists
CLASSICAL,"/data/Music/CLASSICAL/Mozart - Complete/Grabmusic K42, Davidde Penitente K469",15,2,2,1,1,multiple_distinct_track_artists,multiple,88,multiple_artists;multiple_albumartists
CLASSICAL,/data/Music/CLASSICAL/Mozart - Complete/Keyboard Works Four Hands & Two Pianos,8,2,2,1,1,multiple_distinct_track_artists,multiple,88,multiple_artists;multiple_albumartists
CLASSICAL,/data/Music/CLASSICAL/Mozart - Complete/Klavierstücke,43,6,1,1,1,multiple_distinct_track_artists,single,96,multiple_artists
CLASSICAL,/data/Music/CLASSICAL/Mozart - Complete/La Betula Liberata I & II,32,2,1,1,1,multiple_distinct_track_artists,single,96,multiple_artists
CLASSICAL,/data/Music/CLASSICAL/Mozart - Complete/Litaniae K109 & K243,14,2,2,1,1,multiple_distinct_track_artists,multiple,88,multiple_artists;multiple_albumartists
CLASSICAL,/data/Music/CLASSICAL/Mozart - Complete/Litaniae K125 & K195,14,2,2,1,1,multiple_distinct_track_artists,multiple,88,multiple_artists;multiple_albumartists
CLASSICAL,"/data/Music/CLASSICAL/Mozart - Complete/Missa Brevis KV 220, 194, 192",18,2,1,1,1,multiple_distinct_track_artists,single,96,multiple_artists
CLASSICAL,"/data/Music/CLASSICAL/Mozart - Complete/Missa Brevis KV 259, Missa KV 258, 257",19,2,1,1,1,multiple_distinct_track_artists,single,96,multiple_artists
CLASSICAL,"/data/Music/CLASSICAL/Mozart - Complete/Missa Brevis KV 275, Missa Longa KV 262",12,2,1,1,1,multiple_distinct_track_artists,single,96,multiple_artists
CLASSICAL,"/data/Music/CLASSICAL/Mozart - Complete/Missa KV 66, Missa Brevis KV 49, Kyrie KV 33",25,3,3,1,1,multiple_distinct_track_artists,multiple,88,multiple_artists;multiple_albumartists
CLASSICAL,/data/Music/CLASSICAL/Mozart - Complete/Missa Solemnis KV 139 - Missa Brevis KV 65,27,2,2,1,1,multiple_distinct_track_artists,multiple,88,multiple_artists;multiple_albumartists
CLASSICAL,/data/Music/CLASSICAL/Mozart - Complete/Missa Solemnis KV 337 - Coronation Mass KV 317 - Kyrie KV 341,13,3,1,1,1,multiple_distinct_track_artists,single,96,multiple_artists
CLASSICAL,/data/Music/CLASSICAL/Mozart - Complete/Mozart - Freemason Music,14,3,1,1,1,multiple_distinct_track_artists,single,96,multiple_artists
CLASSICAL,/data/Music/CLASSICAL/Mozart - Complete/Offertoria,22,6,1,1,1,multiple_distinct_track_artists,single,96,multiple_artists
CLASSICAL,"/data/Music/CLASSICAL/Mozart - Complete/Piano Works - Variations Vol. I-III - K 256, 24, 25, 179, 460, 180, 54",17,2,1,1,2,multiple_distinct_track_artists,single,88,multiple_artists;multiple_dates
CLASSICAL,"/data/Music/CLASSICAL/Mozart - Complete/Regina Coeli K108, 127 & 276 - Sancta Maria K273",9,4,1,1,1,multiple_distinct_track_artists,single,96,multiple_artists
CLASSICAL,/data/Music/CLASSICAL/Mozart - Complete/Sacred Works - Liturgical chants - Latin Motets,15,6,1,1,1,multiple_distinct_track_artists,single,96,multiple_artists
CLASSICAL,/data/Music/CLASSICAL/Mozart - Complete/Serenades K185 & K203,15,2,1,1,1,multiple_distinct_track_artists,single,96,multiple_artists
CLASSICAL,/data/Music/CLASSICAL/Mozart - Complete/Serenata Notturna - Posthorn Serenade - Gallimathias Musicum - KV 239-320-32,23,2,2,1,1,multiple_distinct_track_artists,multiple,88,multiple_artists;multiple_albumartists
CLASSICAL,/data/Music/CLASSICAL/Mozart - Complete/Sinfonia Concertante KV 364 - Concertone for 2 Violins,6,2,1,1,1,multiple_distinct_track_artists,single,96,multiple_artists
CLASSICAL,/data/Music/CLASSICAL/Mozart - Complete/Songs,33,2,1,1,2,multiple_distinct_track_artists,single,88,multiple_artists;multiple_dates
CLASSICAL,/data/Music/CLASSICAL/Mozart - Complete/String Quartets KV 589-590-80,12,2,1,1,1,multiple_distinct_track_artists,single,96,multiple_artists
CLASSICAL,/data/Music/CLASSICAL/Mozart - Complete/Vesperae Solennes K321 & K339,12,2,2,1,1,multiple_distinct_track_artists,multiple,88,multiple_artists;multiple_albumartists
CLASSICAL,/data/Music/CLASSICAL/Mozart/Le Nozze di Figaro - G Taddei,55,6,6,1,1,multiple_distinct_track_artists,multiple,88,multiple_artists;multiple_albumartists
CLASSICAL,/data/Music/CLASSICAL/Mozart/Various,8,2,2,2,1,multiple_distinct_track_artists,multiple,63,multiple_artists;multiple_albumartists;multiple_album_tags
CLASSICAL,/data/Music/CLASSICAL/Mozart/Wind Concertos & Serenades - Karl Böhm,93,9,1,1,5,multiple_distinct_track_artists,single,75,multiple_artists;multiple_dates
CLASSICAL,"/data/Music/CLASSICAL/Orff/ORFF Orff-Schulwerk, Vol. 1 Musica Poetica",5,3,1,1,1,multiple_distinct_track_artists,single,90,multiple_artists
CLASSICAL,"/data/Music/CLASSICAL/Rachmaninov/Rachmaninov - Rhapsody On A Theme Of Paganini, Op. 34 etc. - David Golub, LSO, Wyn Morris",8,2,1,2,1,multiple_distinct_track_artists,single,81,multiple_artists;multiple_album_tags
CLASSICAL,/data/Music/CLASSICAL/Rodrigo - Complete Orchestral works,13,2,1,1,1,multiple_distinct_track_artists,single,96,multiple_artists
CLASSICAL,/data/Music/CLASSICAL/Rodrigo - Spanish Guitar Favourites,16,6,1,1,1,multiple_distinct_track_artists,single,96,multiple_artists
CLASSICAL,/data/Music/CLASSICAL/Tchaikovsky - Complete/Hamlet Op. 67,21,2,1,2,2,multiple_distinct_track_artists,single,73,multiple_artists;multiple_album_tags;multiple_dates
CLASSICAL,/data/Music/CLASSICAL/Tchaikovsky - Complete/Opera - Charodeika,27,2,1,2,1,multiple_distinct_track_artists,single,81,multiple_artists;multiple_album_tags
CLASSICAL,/data/Music/CLASSICAL/Tchaikovsky - Complete/Piano Concertos,11,2,1,2,2,multiple_distinct_track_artists,single,73,multiple_artists;multiple_album_tags;multiple_dates
CLASSICAL,/data/Music/CLASSICAL/Tchaikovsky - Complete/Piano Sonatas,8,2,1,1,2,multiple_distinct_track_artists,single,88,multiple_artists;multiple_dates
CLASSICAL,/data/Music/CLASSICAL/Tchaikovsky - Complete/Songs,106,3,1,1,5,multiple_distinct_track_artists,single,88,multiple_artists;multiple_dates
CLASSICAL,/data/Music/CLASSICAL/Tchaikovsky - Complete/Symphonies - 1812 Overture & Francesca Da Rimini &  Marche Slave,3,3,1,3,3,multiple_distinct_track_artists,single,73,multiple_artists;multiple_album_tags;multiple_dates
CLASSICAL,"/data/Music/CLASSICAL/Tchaikovsky - Complete/Symphonies No. 1 & 2 (Winter Dreams, Little Russian)",8,2,1,2,2,multiple_distinct_track_artists,single,73,multiple_artists;multiple_album_tags;multiple_dates
CLASSICAL,/data/Music/CLASSICAL/Tchaikovsky - Complete/Symphonies No. 3 & 4 (Polish),9,2,1,2,2,multiple_distinct_track_artists,single,73,multiple_artists;multiple_album_tags;multiple_dates
CLASSICAL,/data/Music/CLASSICAL/Tchaikovsky - Complete/Symphonies No. 5 & 6 (Pathétique) & Overture 'The Storm',9,2,1,2,1,multiple_distinct_track_artists,single,81,multiple_artists;multiple_album_tags
CLASSICAL,/data/Music/CLASSICAL/Tchaikovsky/Piano Concerto #1 - Violin Concerto,6,2,1,1,1,multiple_distinct_track_artists,single,96,multiple_artists
CLASSICAL,/data/Music/CLASSICAL/Various Artists,4,4,1,1,1,multiple_distinct_track_artists,single,96,multiple_artists
CLASSICAL,/data/Music/CLASSICAL/Vivaldi - Complete/Concertos Op. 7,36,2,1,1,1,multiple_distinct_track_artists,single,96,multiple_artists
CLASSICAL,/data/Music/CLASSICAL/Vivaldi - Complete/Il Climento Op. 8,36,2,1,1,1,multiple_distinct_track_artists,single,96,multiple_artists
CLASSICAL,/data/Music/CLASSICAL/Vivaldi - Complete/Mandolin Concertos and Cello Sonatas,18,2,1,1,1,multiple_distinct_track_artists,single,96,multiple_artists
CLASSICAL,/data/Music/CLASSICAL/Vivaldi/Discover Vivaldi,26,13,1,1,1,multiple_distinct_track_artists,single,96,multiple_artists
CLASSICAL,/data/Music/CLASSICAL/Vivaldi/Gloria & Bach Magnificat - Classic FM,27,7,1,1,1,multiple_distinct_track_artists,single,96,multiple_artists
CONTEMPORARY,/data/Music/CONTEMPORARY/1960s Hits Of The Decades,15,15,1,1,1,multiple_distinct_track_artists,single,96,multiple_artists
CONTEMPORARY,/data/Music/CONTEMPORARY/24 Hours In Paris 00_00 - 24_00,32,32,0,2,1,multiple_distinct_track_artists,missing,54,multiple_artists;missing_albumartist;multiple_album_tags
CONTEMPORARY,/data/Music/CONTEMPORARY/Air/Everybody Hertz,12,2,0,1,1,multiple_distinct_track_artists,missing,69,multiple_artists;missing_albumartist
CONTEMPORARY,/data/Music/CONTEMPORARY/Air/Unknown Album,7,2,1,0,1,multiple_distinct_track_artists,single,26,multiple_artists;missing_album_tag;unknown_album_folder
CONTEMPORARY,/data/Music/CONTEMPORARY/Alanis Morissette/Jagged Little Pill,2,2,1,1,1,multiple_distinct_track_artists,single,94,multiple_artists
CONTEMPORARY,/data/Music/CONTEMPORARY/Alanis Morissette/Unknown Album,7,3,0,0,2,multiple_distinct_track_artists,missing,6,multiple_artists;missing_albumartist;missing_album_tag;multiple_dates;unknown_album_folder
CONTEMPORARY,/data/Music/CONTEMPORARY/American Classics,7,7,1,1,1,multiple_distinct_track_artists,single,96,multiple_artists
CONTEMPORARY,/data/Music/CONTEMPORARY/Amy MacDonald/This Is The Life,11,2,1,1,1,multiple_distinct_track_artists,single,87,multiple_artists
CONTEMPORARY,/data/Music/CONTEMPORARY/Atlantic Soul Classics,16,16,1,1,1,multiple_distinct_track_artists,single,96,multiple_artists
CONTEMPORARY,/data/Music/CONTEMPORARY/Aṣa/Beautiful Imperfection,13,2,1,1,2,multiple_distinct_track_artists,single,88,multiple_artists;multiple_dates
CONTEMPORARY,/data/Music/CONTEMPORARY/BB King/Unknown Album,3,2,0,0,1,multiple_distinct_track_artists,missing,21,multiple_artists;missing_albumartist;missing_album_tag;unknown_album_folder
CONTEMPORARY,/data/Music/CONTEMPORARY/Beach House 04.05,22,22,0,2,4,multiple_distinct_track_artists,missing,46,multiple_artists;missing_albumartist;multiple_album_tags;multiple_dates
CONTEMPORARY,/data/Music/CONTEMPORARY/Beautiful Girls (Single),2,2,0,1,1,multiple_distinct_track_artists,missing,83,multiple_artists;missing_albumartist
CONTEMPORARY,/data/Music/CONTEMPORARY/Best of Bond - James Bond 40th Anniversary Edition,22,20,1,1,1,multiple_distinct_track_artists,single,96,multiple_artists
CONTEMPORARY,/data/Music/CONTEMPORARY/Beyonce/B'Day,5,2,1,3,1,multiple_distinct_track_artists,single,73,multiple_artists;multiple_album_tags
CONTEMPORARY,/data/Music/CONTEMPORARY/Beyonce/Billboard Top 100 Hits Of 2003,2,2,0,1,1,multiple_distinct_track_artists,missing,83,multiple_artists;missing_albumartist
CONTEMPORARY,/data/Music/CONTEMPORARY/Beyonce/Billboard Top 100 of 2004,3,2,0,1,1,multiple_distinct_track_artists,missing,82,multiple_artists;missing_albumartist
CONTEMPORARY,/data/Music/CONTEMPORARY/Beyonce/I Am...Sasha Fierce,17,2,0,2,1,multiple_distinct_track_artists,missing,54,multiple_artists;missing_albumartist;multiple_album_tags
CONTEMPORARY,/data/Music/CONTEMPORARY/Beyonce/Unknown Album,9,7,0,0,1,multiple_distinct_track_artists,missing,14,multiple_artists;missing_albumartist;missing_album_tag;unknown_album_folder
CONTEMPORARY,/data/Music/CONTEMPORARY/Billie Holiday/Unknown Album,5,2,0,0,1,multiple_distinct_track_artists,missing,14,multiple_artists;missing_albumartist;missing_album_tag;unknown_album_folder
CONTEMPORARY,/data/Music/CONTEMPORARY/Black Eyed Peas/Monkey Business,34,2,1,1,2,multiple_distinct_track_artists,single,73,multiple_artists;multiple_dates
CONTEMPORARY,/data/Music/CONTEMPORARY/Black Eyed Peas/Unknown Album,8,3,0,0,1,multiple_distinct_track_artists,missing,14,multiple_artists;missing_albumartist;missing_album_tag;unknown_album_folder
CONTEMPORARY,/data/Music/CONTEMPORARY/Bob Marley & The Wailers/African Herbsman,12,2,2,1,3,multiple_distinct_track_artists,multiple,68,multiple_artists;multiple_albumartists;multiple_dates
CONTEMPORARY,/data/Music/CONTEMPORARY/Bob Marley & The Wailers/Antologia,19,2,1,1,1,multiple_distinct_track_artists,single,89,multiple_artists
CONTEMPORARY,/data/Music/CONTEMPORARY/Bob Marley & The Wailers/Babylon By Bus,11,2,2,1,1,multiple_distinct_track_artists,multiple,73,multiple_artists;multiple_albumartists
CONTEMPORARY,/data/Music/CONTEMPORARY/Bob Marley & The Wailers/Burnin',27,3,1,1,2,multiple_distinct_track_artists,single,76,multiple_artists;multiple_dates
CONTEMPORARY,/data/Music/CONTEMPORARY/Bob Marley & The Wailers/Chant Down Babylon,15,15,1,1,1,multiple_distinct_track_artists,single,81,multiple_artists
CONTEMPORARY,/data/Music/CONTEMPORARY/Bob Marley & The Wailers/Confrontation,27,2,1,1,2,multiple_distinct_track_artists,single,73,multiple_artists;multiple_dates
CONTEMPORARY,/data/Music/CONTEMPORARY/Bob Marley & The Wailers/Exodus,13,3,1,1,1,multiple_distinct_track_artists,single,81,multiple_artists
CONTEMPORARY,/data/Music/CONTEMPORARY/Bob Marley & The Wailers/Kaya,9,2,2,1,1,multiple_distinct_track_artists,multiple,81,multiple_artists;multiple_albumartists
CONTEMPORARY,/data/Music/CONTEMPORARY/Bob Marley & The Wailers/Legend,31,3,2,1,9,multiple_distinct_track_artists,multiple,65,multiple_artists;multiple_albumartists;multiple_dates
CONTEMPORARY,/data/Music/CONTEMPORARY/Bob Marley & The Wailers/Natty Dread,9,2,1,1,2,multiple_distinct_track_artists,single,86,multiple_artists;multiple_dates
CONTEMPORARY,/data/Music/CONTEMPORARY/Bob Marley & The Wailers/Rastaman Vibration,13,3,1,1,1,multiple_distinct_track_artists,single,92,multiple_artists
CONTEMPORARY,/data/Music/CONTEMPORARY/Bob Marley & The Wailers/Rebel Music,17,2,1,1,2,multiple_distinct_track_artists,single,77,multiple_artists;multiple_dates
CONTEMPORARY,"/data/Music/CONTEMPORARY/Bob Marley & The Wailers/Rock To The Rock_ The Complete Bob Marley & The Wailers 1967-1972, Vol.1",16,3,1,2,1,multiple_distinct_track_artists,single,81,multiple_artists;multiple_album_tags
CONTEMPORARY,/data/Music/CONTEMPORARY/Bob Marley & The Wailers/Survival,18,3,0,1,1,multiple_distinct_track_artists,missing,69,multiple_artists;missing_albumartist
CONTEMPORARY,/data/Music/CONTEMPORARY/Bob Marley & The Wailers/Unknown Album,15,3,0,0,2,multiple_distinct_track_artists,missing,6,multiple_artists;missing_albumartist;missing_album_tag;multiple_dates;unknown_album_folder
CONTEMPORARY,/data/Music/CONTEMPORARY/Bob Sinclair/Unknown Album,9,4,0,0,1,multiple_distinct_track_artists,missing,14,multiple_artists;missing_albumartist;missing_album_tag;unknown_album_folder
CONTEMPORARY,/data/Music/CONTEMPORARY/Brigitte Bardot - The Best of Bardot,20,2,1,1,1,multiple_distinct_track_artists,single,96,multiple_artists
CONTEMPORARY,/data/Music/CONTEMPORARY/Bryan Ferry/Ultimate Collection [EG],15,2,1,1,1,multiple_distinct_track_artists,single,96,multiple_artists
CONTEMPORARY,/data/Music/CONTEMPORARY/Cafe Ibiza,30,30,0,3,9,multiple_distinct_track_artists,missing,46,multiple_artists;missing_albumartist;multiple_album_tags;multiple_dates
CONTEMPORARY,/data/Music/CONTEMPORARY/Café del Mar/20th Anniversary (Disk 2),4,2,0,2,2,multiple_distinct_track_artists,missing,54,multiple_artists;missing_albumartist;multiple_album_tags;multiple_dates
CONTEMPORARY,/data/Music/CONTEMPORARY/Café del Mar/Cafe del Mar,14,3,0,2,2,multiple_distinct_track_artists,missing,46,multiple_artists;missing_albumartist;multiple_album_tags;multiple_dates
CONTEMPORARY,/data/Music/CONTEMPORARY/Café del Mar/Cafe Del Mar  _  Volumen Cuatr,13,2,0,1,1,multiple_distinct_track_artists,missing,69,multiple_artists;missing_albumartist
CONTEMPORARY,/data/Music/CONTEMPORARY/Café del Mar/Cafe Del Mar Dreams 4,28,28,1,2,1,multiple_distinct_track_artists,single,68,multiple_artists;multiple_album_tags
CONTEMPORARY,/data/Music/CONTEMPORARY/Café del Mar/Café Del Mar 19_ Volumen Diecinueve,13,13,0,1,1,multiple_distinct_track_artists,missing,72,multiple_artists;missing_albumartist
CONTEMPORARY,/data/Music/CONTEMPORARY/Café del Mar/Café del Mar Dreams 5,14,13,1,1,1,multiple_distinct_track_artists,single,96,multiple_artists
CONTEMPORARY,"/data/Music/CONTEMPORARY/Café del Mar/Café Del Mar Ibiza, Vol. 3",13,13,0,1,1,multiple_distinct_track_artists,missing,72,multiple_artists;missing_albumartist
CONTEMPORARY,/data/Music/CONTEMPORARY/Café del Mar/Café Del Mar Vol. 19,13,13,0,1,1,multiple_distinct_track_artists,missing,72,multiple_artists;missing_albumartist
CONTEMPORARY,/data/Music/CONTEMPORARY/Café del Mar/Café Del Mar Volumen Seis,17,2,0,1,1,multiple_distinct_track_artists,missing,69,multiple_artists;missing_albumartist
CONTEMPORARY,"/data/Music/CONTEMPORARY/Café del Mar/Café Del Mar, Vol. 10",14,14,0,1,1,multiple_distinct_track_artists,missing,71,multiple_artists;missing_albumartist
CONTEMPORARY,"/data/Music/CONTEMPORARY/Café del Mar/Café Del Mar, Vol. 11",14,14,0,1,1,multiple_distinct_track_artists,missing,71,multiple_artists;missing_albumartist
CONTEMPORARY,"/data/Music/CONTEMPORARY/Café del Mar/Café Del Mar, Vol. 12 [Disc 2]",14,14,0,1,1,multiple_distinct_track_artists,missing,71,multiple_artists;missing_albumartist
CONTEMPORARY,"/data/Music/CONTEMPORARY/Café del Mar/Café Del Mar, Vol. 15",43,42,0,3,1,multiple_distinct_track_artists,missing,54,multiple_artists;missing_albumartist;multiple_album_tags
CONTEMPORARY,"/data/Music/CONTEMPORARY/Café del Mar/Café del Mar, Vol. 18",24,24,1,1,1,multiple_distinct_track_artists,single,96,multiple_artists
CONTEMPORARY,"/data/Music/CONTEMPORARY/Café del Mar/Café Del Mar, Vol. 5",15,15,0,1,1,multiple_distinct_track_artists,missing,70,multiple_artists;missing_albumartist
CONTEMPORARY,"/data/Music/CONTEMPORARY/Café del Mar/Café Del Mar, Vol. 7",13,13,0,1,1,multiple_distinct_track_artists,missing,72,multiple_artists;missing_albumartist
CONTEMPORARY,"/data/Music/CONTEMPORARY/Café del Mar/Café Del Mar_ Ibiza, Vol. 2",13,13,0,1,2,multiple_distinct_track_artists,missing,64,multiple_artists;missing_albumartist;multiple_dates
CONTEMPORARY,/data/Music/CONTEMPORARY/Café del Mar/Café Del Mar_ Volumen Doce [Disc 1],14,14,0,1,1,multiple_distinct_track_artists,missing,71,multiple_artists;missing_albumartist
CONTEMPORARY,/data/Music/CONTEMPORARY/Café del Mar/The Best Of Cafe Del Mar [Disc 1],13,13,0,1,8,multiple_distinct_track_artists,missing,64,multiple_artists;missing_albumartist;multiple_dates
CONTEMPORARY,/data/Music/CONTEMPORARY/Café del Mar/Unknown Album,5,2,0,0,0,multiple_distinct_track_artists,missing,9,multiple_artists;missing_albumartist;missing_album_tag;missing_date;unknown_album_folder
CONTEMPORARY,/data/Music/CONTEMPORARY/Café Sputnik (Electronic Exotica from Ru,20,16,1,1,1,multiple_distinct_track_artists,single,96,multiple_artists
CONTEMPORARY,/data/Music/CONTEMPORARY/Cake/Fashion Nugget,19,2,1,2,3,multiple_distinct_track_artists,single,58,multiple_artists;multiple_album_tags;multiple_dates
CONTEMPORARY,/data/Music/CONTEMPORARY/Camila Cabello/Camila,3,2,2,2,3,multiple_distinct_track_artists,multiple,65,multiple_artists;multiple_albumartists;multiple_album_tags;multiple_dates
CONTEMPORARY,/data/Music/CONTEMPORARY/Chillin In Mykonos Vol.6,30,23,0,1,1,multiple_distinct_track_artists,missing,69,multiple_artists;missing_albumartist
CONTEMPORARY,/data/Music/CONTEMPORARY/Chillout Forever,30,30,0,3,2,multiple_distinct_track_artists,missing,46,multiple_artists;missing_albumartist;multiple_album_tags;multiple_dates
CONTEMPORARY,/data/Music/CONTEMPORARY/Chillout Ibiza,30,22,0,3,3,multiple_distinct_track_artists,missing,46,multiple_artists;missing_albumartist;multiple_album_tags;multiple_dates
CONTEMPORARY,/data/Music/CONTEMPORARY/Chillout Sessions 8 [Disc 2],19,19,0,1,1,multiple_distinct_track_artists,missing,69,multiple_artists;missing_albumartist
CONTEMPORARY,/data/Music/CONTEMPORARY/City Lounge (Berlin),15,15,0,1,7,multiple_distinct_track_artists,missing,62,multiple_artists;missing_albumartist;multiple_dates
CONTEMPORARY,/data/Music/CONTEMPORARY/City Lounge (London),15,15,0,1,6,multiple_distinct_track_artists,missing,62,multiple_artists;missing_albumartist;multiple_dates
CONTEMPORARY,/data/Music/CONTEMPORARY/City Lounge (New York),15,15,0,1,6,multiple_distinct_track_artists,missing,62,multiple_artists;missing_albumartist;multiple_dates
CONTEMPORARY,/data/Music/CONTEMPORARY/City Lounge (Paris),15,15,0,1,7,multiple_distinct_track_artists,missing,62,multiple_artists;missing_albumartist;multiple_dates
CONTEMPORARY,/data/Music/CONTEMPORARY/City Lounge 2 (Berlin),15,15,0,1,5,multiple_distinct_track_artists,missing,62,multiple_artists;missing_albumartist;multiple_dates
CONTEMPORARY,/data/Music/CONTEMPORARY/City Lounge 2 (London),15,15,0,1,7,multiple_distinct_track_artists,missing,62,multiple_artists;missing_albumartist;multiple_dates
CONTEMPORARY,/data/Music/CONTEMPORARY/City Lounge 2 (New York),15,15,0,1,5,multiple_distinct_track_artists,missing,62,multiple_artists;missing_albumartist;multiple_dates
CONTEMPORARY,/data/Music/CONTEMPORARY/City Lounge 2 (Paris),15,15,0,1,7,multiple_distinct_track_artists,missing,62,multiple_artists;missing_albumartist;multiple_dates
CONTEMPORARY,/data/Music/CONTEMPORARY/City Of Angels,14,11,0,1,6,multiple_distinct_track_artists,missing,63,multiple_artists;missing_albumartist;multiple_dates
CONTEMPORARY,/data/Music/CONTEMPORARY/Clannad/Highlands,2,2,0,2,0,multiple_distinct_track_artists,missing,61,multiple_artists;missing_albumartist;multiple_album_tags;missing_date
CONTEMPORARY,/data/Music/CONTEMPORARY/Coldplay/Unknown Album,8,2,1,0,2,multiple_distinct_track_artists,single,18,multiple_artists;missing_album_tag;multiple_dates;unknown_album_folder
CONTEMPORARY,/data/Music/CONTEMPORARY/Compilations,2,2,1,2,2,multiple_distinct_track_artists,single,73,multiple_artists;multiple_album_tags;multiple_dates
CONTEMPORARY,/data/Music/CONTEMPORARY/Compilations/1980's Hits,10,9,2,3,1,multiple_distinct_track_artists,multiple,66,multiple_artists;multiple_albumartists;multiple_album_tags
CONTEMPORARY,/data/Music/CONTEMPORARY/Compilations/Camp Rock,12,11,2,1,1,multiple_distinct_track_artists,multiple,88,multiple_artists;multiple_albumartists
CONTEMPORARY,/data/Music/CONTEMPORARY/Compilations/Comme un boomerang,2,2,1,1,2,multiple_distinct_track_artists,single,88,multiple_artists;multiple_dates
CONTEMPORARY,/data/Music/CONTEMPORARY/Compilations/Compilation,9,9,1,3,2,multiple_distinct_track_artists,single,72,multiple_artists;multiple_album_tags;multiple_dates
CONTEMPORARY,/data/Music/CONTEMPORARY/Compilations/Compilation 1,6,6,2,3,2,multiple_distinct_track_artists,multiple,59,multiple_artists;multiple_albumartists;multiple_album_tags;multiple_dates
CONTEMPORARY,/data/Music/CONTEMPORARY/Compilations/Disco Fever- The Essential Collection,34,30,3,1,1,multiple_distinct_track_artists,multiple,88,multiple_artists;multiple_albumartists
CONTEMPORARY,/data/Music/CONTEMPORARY/Compilations/Feelin' Good,15,15,6,1,1,multiple_distinct_track_artists,multiple,80,multiple_artists;multiple_albumartists
CONTEMPORARY,/data/Music/CONTEMPORARY/Compilations/Now,19,18,2,4,2,multiple_distinct_track_artists,multiple,55,multiple_artists;multiple_albumartists;multiple_album_tags;multiple_dates
CONTEMPORARY,/data/Music/CONTEMPORARY/Compilations/Pop Icons,8,8,3,1,1,multiple_distinct_track_artists,multiple,88,multiple_artists;multiple_albumartists
CONTEMPORARY,/data/Music/CONTEMPORARY/Compilations/Songbirds,14,14,2,1,0,multiple_distinct_track_artists,multiple,70,multiple_artists;multiple_albumartists;missing_date
CONTEMPORARY,/data/Music/CONTEMPORARY/Compilations/Teenage Kicks - 46 Classic Punk & New Wave Tracks,45,43,10,1,1,multiple_distinct_track_artists,multiple,88,multiple_artists;multiple_albumartists
CONTEMPORARY,/data/Music/CONTEMPORARY/Compilations/The Great Big Scottish Songbook,101,55,4,1,1,multiple_distinct_track_artists,multiple,73,multiple_artists;multiple_albumartists
CONTEMPORARY,/data/Music/CONTEMPORARY/Compilations/The Greatest Female Artists,9,9,2,1,1,multiple_distinct_track_artists,multiple,82,multiple_artists;multiple_albumartists
CONTEMPORARY,/data/Music/CONTEMPORARY/Compilations/The Sound Of The City,17,17,3,1,1,multiple_distinct_track_artists,multiple,75,multiple_artists;multiple_albumartists
CONTEMPORARY,/data/Music/CONTEMPORARY/Compilations/Ultimate 80s,40,40,14,1,1,multiple_distinct_track_artists,multiple,73,multiple_artists;multiple_albumartists
CONTEMPORARY,/data/Music/CONTEMPORARY/Compilations/Young at Heart,60,60,8,1,1,multiple_distinct_track_artists,multiple,88,multiple_artists;multiple_albumartists
CONTEMPORARY,/data/Music/CONTEMPORARY/Cosmic Chill Lounge,2,2,1,2,2,multiple_distinct_track_artists,single,73,multiple_artists;multiple_album_tags;multiple_dates
CONTEMPORARY,/data/Music/CONTEMPORARY/Crooners - 18 Classic Vocal Performances,18,18,1,1,1,multiple_distinct_track_artists,single,96,multiple_artists
CONTEMPORARY,/data/Music/CONTEMPORARY/Daft Punk/Homework,34,2,0,2,1,multiple_distinct_track_artists,missing,54,multiple_artists;missing_albumartist;multiple_album_tags
CONTEMPORARY,/data/Music/CONTEMPORARY/Daily Mail - Summer Days,11,11,1,2,1,multiple_distinct_track_artists,single,81,multiple_artists;multiple_album_tags
CONTEMPORARY,/data/Music/CONTEMPORARY/David Bowie/Unknown Album,10,2,0,0,1,multiple_distinct_track_artists,missing,14,multiple_artists;missing_albumartist;missing_album_tag;unknown_album_folder
CONTEMPORARY,/data/Music/CONTEMPORARY/De Phazz/Daily Lama,7,2,1,1,2,multiple_distinct_track_artists,single,80,multiple_artists;multiple_dates
CONTEMPORARY,/data/Music/CONTEMPORARY/De Phazz/Death By Chocolate,29,2,0,3,2,multiple_distinct_track_artists,missing,46,multiple_artists;missing_albumartist;multiple_album_tags;multiple_dates
CONTEMPORARY,/data/Music/CONTEMPORARY/De Phazz/Detunized Gravity,16,2,0,2,1,multiple_distinct_track_artists,missing,54,multiple_artists;missing_albumartist;multiple_album_tags
CONTEMPORARY,/data/Music/CONTEMPORARY/De Phazz/Godsdog,7,2,0,1,3,multiple_distinct_track_artists,missing,67,multiple_artists;missing_albumartist;multiple_dates
CONTEMPORARY,/data/Music/CONTEMPORARY/Desert Island Discs,12,12,1,12,9,multiple_distinct_track_artists,single,71,multiple_artists;multiple_album_tags;multiple_dates
CONTEMPORARY,"/data/Music/CONTEMPORARY/Deus/In A Bar, Under The Sea",16,2,0,1,1,multiple_distinct_track_artists,missing,69,multiple_artists;missing_albumartist
CONTEMPORARY,/data/Music/CONTEMPORARY/Deus/The Ideal Crash,11,2,0,1,1,multiple_distinct_track_artists,missing,69,multiple_artists;missing_albumartist
CONTEMPORARY,/data/Music/CONTEMPORARY/Deus/Unknown Album,2,2,0,0,1,multiple_distinct_track_artists,missing,24,multiple_artists;missing_albumartist;missing_album_tag;unknown_album_folder
CONTEMPORARY,/data/Music/CONTEMPORARY/Diana Ross & The Supremes/Unknown Album,6,2,0,0,2,multiple_distinct_track_artists,missing,7,multiple_artists;missing_albumartist;missing_album_tag;multiple_dates;unknown_album_folder
CONTEMPORARY,/data/Music/CONTEMPORARY/dire straits/Unknown Album,5,2,0,0,0,multiple_distinct_track_artists,missing,9,multiple_artists;missing_albumartist;missing_album_tag;missing_date;unknown_album_folder
CONTEMPORARY,/data/Music/CONTEMPORARY/Disco Kandi 2,22,22,0,2,1,multiple_distinct_track_artists,missing,54,multiple_artists;missing_albumartist;multiple_album_tags
CONTEMPORARY,"/data/Music/CONTEMPORARY/Disco Kandi, Vol. 4",23,23,0,2,4,multiple_distinct_track_artists,missing,46,multiple_artists;missing_albumartist;multiple_album_tags;multiple_dates
CONTEMPORARY,/data/Music/CONTEMPORARY/Don McLean/Unknown Album,3,3,0,0,0,multiple_distinct_track_artists,missing,14,multiple_artists;missing_albumartist;missing_album_tag;missing_date;unknown_album_folder
CONTEMPORARY,/data/Music/CONTEMPORARY/Donna Summer/Billboard Top 100 of 1979,4,2,0,1,1,multiple_distinct_track_artists,missing,81,multiple_artists;missing_albumartist
CONTEMPORARY,"/data/Music/CONTEMPORARY/Eat, Pray, Love (Original Motion Picture",13,11,1,1,9,multiple_distinct_track_artists,single,88,multiple_artists;multiple_dates
CONTEMPORARY,/data/Music/CONTEMPORARY/Eclipse,15,15,1,1,0,multiple_distinct_track_artists,single,76,multiple_artists;missing_date
CONTEMPORARY,/data/Music/CONTEMPORARY/ELO's Greatest Hits,12,2,1,2,2,multiple_distinct_track_artists,single,72,multiple_artists;multiple_album_tags;multiple_dates
CONTEMPORARY,/data/Music/CONTEMPORARY/Eminem/Unknown Album,25,2,0,0,0,multiple_distinct_track_artists,missing,9,multiple_artists;missing_albumartist;missing_album_tag;missing_date;unknown_album_folder
CONTEMPORARY,/data/Music/CONTEMPORARY/Enigma/Unknown Album,36,3,1,0,3,multiple_distinct_track_artists,single,18,multiple_artists;missing_album_tag;multiple_dates;unknown_album_folder
CONTEMPORARY,/data/Music/CONTEMPORARY/Eric Clapton/Unknown Album,78,6,0,0,3,multiple_distinct_track_artists,missing,6,multiple_artists;missing_albumartist;missing_album_tag;multiple_dates;unknown_album_folder
CONTEMPORARY,/data/Music/CONTEMPORARY/Eurythmics/Unknown Album,6,3,1,0,2,multiple_distinct_track_artists,single,18,multiple_artists;missing_album_tag;multiple_dates;unknown_album_folder
CONTEMPORARY,/data/Music/CONTEMPORARY/Fleetwood Mac/Best of the Best- Gold,15,2,1,1,1,multiple_distinct_track_artists,single,96,multiple_artists
CONTEMPORARY,/data/Music/CONTEMPORARY/Fleetwood Mac/Unknown Album,7,2,0,0,3,multiple_distinct_track_artists,missing,6,multiple_artists;missing_albumartist;missing_album_tag;multiple_dates;unknown_album_folder
CONTEMPORARY,/data/Music/CONTEMPORARY/Folk/Alma Kerr,4,4,1,3,1,multiple_distinct_track_artists,single,79,multiple_artists;multiple_album_tags
CONTEMPORARY,/data/Music/CONTEMPORARY/Folk/Beannachdan Bho Eilean Leodhais,12,10,10,1,0,multiple_distinct_track_artists,multiple,72,multiple_artists;multiple_albumartists;missing_date
CONTEMPORARY,/data/Music/CONTEMPORARY/Folk/Beannachdan Bho Eilean Leodhais/No NR,12,11,11,1,0,multiple_distinct_track_artists,multiple,72,multiple_artists;multiple_albumartists;missing_date
CONTEMPORARY,/data/Music/CONTEMPORARY/Folk/James Smith,6,3,2,4,2,multiple_distinct_track_artists,multiple,63,multiple_artists;multiple_albumartists;multiple_album_tags;multiple_dates
CONTEMPORARY,/data/Music/CONTEMPORARY/Folk/Lews Castle Concert,11,9,1,1,1,multiple_distinct_track_artists,single,96,multiple_artists
CONTEMPORARY,/data/Music/CONTEMPORARY/Folk/Stornoway Mòd 1979,2,2,0,1,1,multiple_distinct_track_artists,missing,81,multiple_artists;missing_albumartist
CONTEMPORARY,/data/Music/CONTEMPORARY/Folk/The Grand Gaelic Concert,3,2,0,1,0,multiple_distinct_track_artists,missing,74,multiple_artists;missing_albumartist;missing_date
CONTEMPORARY,/data/Music/CONTEMPORARY/Frank Sinatra/Duets,14,2,1,1,1,multiple_distinct_track_artists,single,95,multiple_artists
CONTEMPORARY,/data/Music/CONTEMPORARY/Frank Sinatra/Duets II,12,11,1,1,1,multiple_distinct_track_artists,single,96,multiple_artists
CONTEMPORARY,/data/Music/CONTEMPORARY/Frank Sinatra/The Reprise Collection (Disc 2),11,2,1,1,1,multiple_distinct_track_artists,single,96,multiple_artists
CONTEMPORARY,/data/Music/CONTEMPORARY/Frankie Goes to Hollywood/Unknown Album,3,2,0,0,0,multiple_distinct_track_artists,missing,13,multiple_artists;missing_albumartist;missing_album_tag;missing_date;unknown_album_folder
CONTEMPORARY,/data/Music/CONTEMPORARY/Gonzalez/Open Season_ Remixes & Collabs,2,2,0,1,2,multiple_distinct_track_artists,missing,75,multiple_artists;missing_albumartist;multiple_dates
CONTEMPORARY,/data/Music/CONTEMPORARY/Gotan Project/Unknown Album,2,2,0,0,0,multiple_distinct_track_artists,missing,16,multiple_artists;missing_albumartist;missing_album_tag;missing_date;unknown_album_folder
CONTEMPORARY,/data/Music/CONTEMPORARY/Guns N Roses/Appetite for Destruction,13,2,0,2,1,multiple_distinct_track_artists,missing,56,multiple_artists;missing_albumartist;multiple_album_tags
CONTEMPORARY,/data/Music/CONTEMPORARY/Guns N Roses/Billboard Top 100 of 1989,3,2,0,1,1,multiple_distinct_track_artists,missing,82,multiple_artists;missing_albumartist
CONTEMPORARY,/data/Music/CONTEMPORARY/Guns N Roses/Unknown Album,7,6,0,0,1,multiple_distinct_track_artists,missing,14,multiple_artists;missing_albumartist;missing_album_tag;unknown_album_folder
CONTEMPORARY,/data/Music/CONTEMPORARY/Hed Kandi/Hed Kandi 59 Serve Chilled_ A Return To,28,27,0,2,1,multiple_distinct_track_artists,missing,54,multiple_artists;missing_albumartist;multiple_album_tags
CONTEMPORARY,/data/Music/CONTEMPORARY/Hed Kandi/Hed Kandi Beach House,60,45,0,1,1,multiple_distinct_track_artists,missing,69,multiple_artists;missing_albumartist
CONTEMPORARY,/data/Music/CONTEMPORARY/Hed Kandi/Hed Kandi The Remix 2011,43,42,0,1,1,multiple_distinct_track_artists,missing,69,multiple_artists;missing_albumartist
CONTEMPORARY,/data/Music/CONTEMPORARY/Hed Kandi/Hed Kandi_ Beach House 04.05 [Disc 2],11,11,0,1,3,multiple_distinct_track_artists,missing,66,multiple_artists;missing_albumartist;multiple_dates
CONTEMPORARY,/data/Music/CONTEMPORARY/Hed Kandi/Hed Kandi_ The Mix - Winter 2004 [Disc 3,13,13,0,1,1,multiple_distinct_track_artists,missing,72,multiple_artists;missing_albumartist
CONTEMPORARY,/data/Music/CONTEMPORARY/Hed Kandi/Hed Kandi_ Winter Chill 06.04,32,32,0,3,4,multiple_distinct_track_artists,missing,46,multiple_artists;missing_albumartist;multiple_album_tags;multiple_dates
CONTEMPORARY,/data/Music/CONTEMPORARY/Hed Kandi/HK_ Winter 2004 [Disc 2],13,13,0,1,1,multiple_distinct_track_artists,missing,72,multiple_artists;missing_albumartist
CONTEMPORARY,/data/Music/CONTEMPORARY/House of Pain/Unknown Album,2,2,0,0,0,multiple_distinct_track_artists,missing,18,multiple_artists;missing_albumartist;missing_album_tag;missing_date;unknown_album_folder
CONTEMPORARY,/data/Music/CONTEMPORARY/Hungarian Dances,22,3,0,1,0,multiple_distinct_track_artists,missing,64,multiple_artists;missing_albumartist;missing_date
CONTEMPORARY,/data/Music/CONTEMPORARY/Hôtel Costes/Hôtel Costes 10,14,14,0,1,1,multiple_distinct_track_artists,missing,71,multiple_artists;missing_albumartist
CONTEMPORARY,/data/Music/CONTEMPORARY/Hôtel Costes/Hôtel Costes 11,17,17,0,1,1,multiple_distinct_track_artists,missing,69,multiple_artists;missing_albumartist
CONTEMPORARY,/data/Music/CONTEMPORARY/Hôtel Costes/Hôtel Costes 12,16,16,0,1,4,multiple_distinct_track_artists,missing,61,multiple_artists;missing_albumartist;multiple_dates
CONTEMPORARY,/data/Music/CONTEMPORARY/Hôtel Costes/Hôtel Costes 4,15,3,0,1,0,multiple_distinct_track_artists,missing,64,multiple_artists;missing_albumartist;missing_date
CONTEMPORARY,/data/Music/CONTEMPORARY/Hôtel Costes/Hôtel Costes 6,15,14,1,1,2,multiple_distinct_track_artists,single,75,multiple_artists;multiple_dates
CONTEMPORARY,/data/Music/CONTEMPORARY/Hôtel Costes/Hôtel Costes 9,16,16,0,1,1,multiple_distinct_track_artists,missing,69,multiple_artists;missing_albumartist
CONTEMPORARY,"/data/Music/CONTEMPORARY/Hôtel Costes/Hôtel Costes, Vol. 7",16,16,1,1,2,multiple_distinct_track_artists,single,88,multiple_artists;multiple_dates
CONTEMPORARY,/data/Music/CONTEMPORARY/Ice Cube/Unknown Album,2,2,0,0,1,multiple_distinct_track_artists,missing,25,multiple_artists;missing_albumartist;missing_album_tag;unknown_album_folder
CONTEMPORARY,/data/Music/CONTEMPORARY/Iggy & The Stooges/Unknown Album,3,3,0,0,0,multiple_distinct_track_artists,missing,13,multiple_artists;missing_albumartist;missing_album_tag;missing_date;unknown_album_folder
CONTEMPORARY,/data/Music/CONTEMPORARY/Jackie Brown,17,14,0,1,11,multiple_distinct_track_artists,missing,61,multiple_artists;missing_albumartist;multiple_dates
CONTEMPORARY,/data/Music/CONTEMPORARY/JAY-Z/Billboard Top 100 Hits Of 2003,2,2,0,1,1,multiple_distinct_track_artists,missing,83,multiple_artists;missing_albumartist
CONTEMPORARY,/data/Music/CONTEMPORARY/JAY-Z/Reasonable Doubt,15,7,0,1,1,multiple_distinct_track_artists,missing,70,multiple_artists;missing_albumartist
CONTEMPORARY,/data/Music/CONTEMPORARY/JAY-Z/Unknown Album,4,2,0,1,1,multiple_distinct_track_artists,missing,43,multiple_artists;missing_albumartist;unknown_album_folder
CONTEMPORARY,/data/Music/CONTEMPORARY/João+Astrud Gilberto; Stan Getz/Best on Verve,13,2,1,1,2,multiple_distinct_track_artists,single,76,multiple_artists;multiple_dates
CONTEMPORARY,/data/Music/CONTEMPORARY/Justin Timberlake/FutureSex _ LoveSounds,13,6,0,1,1,multiple_distinct_track_artists,missing,72,multiple_artists;missing_albumartist
CONTEMPORARY,/data/Music/CONTEMPORARY/Justin Timberlake/Justified,14,4,0,1,1,multiple_distinct_track_artists,missing,69,multiple_artists;missing_albumartist
CONTEMPORARY,/data/Music/CONTEMPORARY/Justin Timberlake/Unknown Album,7,3,1,1,2,multiple_distinct_track_artists,single,43,multiple_artists;multiple_dates;unknown_album_folder
CONTEMPORARY,/data/Music/CONTEMPORARY/Kanye West/Late Registration,20,9,1,1,2,multiple_distinct_track_artists,single,88,multiple_artists;multiple_dates
CONTEMPORARY,/data/Music/CONTEMPORARY/Kylie Minogue - Ultimate Kylie,34,2,1,2,2,multiple_distinct_track_artists,single,73,multiple_artists;multiple_album_tags;multiple_dates
CONTEMPORARY,/data/Music/CONTEMPORARY/Kylie Minogue/Unknown Album,5,2,0,0,0,multiple_distinct_track_artists,missing,9,multiple_artists;missing_albumartist;missing_album_tag;missing_date;unknown_album_folder
CONTEMPORARY,/data/Music/CONTEMPORARY/Lady GaGa/Lady Gaga THE FAME Special Edition 2009,23,2,1,1,2,multiple_distinct_track_artists,single,88,multiple_artists;multiple_dates
CONTEMPORARY,/data/Music/CONTEMPORARY/Lady GaGa/The Fame Monster,2,2,1,2,1,multiple_distinct_track_artists,single,79,multiple_artists;multiple_album_tags
CONTEMPORARY,/data/Music/CONTEMPORARY/Lauryn Hill/Unknown Album,5,4,0,0,1,multiple_distinct_track_artists,missing,16,multiple_artists;missing_albumartist;missing_album_tag;unknown_album_folder
CONTEMPORARY,/data/Music/CONTEMPORARY/Linkin Park/Unknown Album,5,2,0,0,0,multiple_distinct_track_artists,missing,9,multiple_artists;missing_albumartist;missing_album_tag;missing_date;unknown_album_folder
CONTEMPORARY,/data/Music/CONTEMPORARY/Lisa Ekdahl_Peter Nordahl Trio/Back to Earth,11,2,1,1,1,multiple_distinct_track_artists,single,96,multiple_artists
CONTEMPORARY,/data/Music/CONTEMPORARY/Louis Armstrong/History Of Jazz 50's-90's,2,2,0,1,1,multiple_distinct_track_artists,missing,83,multiple_artists;missing_albumartist
CONTEMPORARY,/data/Music/CONTEMPORARY/Louis Armstrong/Louis Armstrong's All Time Greatest Hits,17,2,1,1,1,multiple_distinct_track_artists,single,96,multiple_artists
CONTEMPORARY,/data/Music/CONTEMPORARY/Louis Armstrong/More Greatest Hits,18,4,1,1,1,multiple_distinct_track_artists,single,96,multiple_artists
CONTEMPORARY,/data/Music/CONTEMPORARY/Louis Armstrong/Unknown Album,7,3,0,0,1,multiple_distinct_track_artists,missing,14,multiple_artists;missing_albumartist;missing_album_tag;unknown_album_folder
CONTEMPORARY,/data/Music/CONTEMPORARY/Lounge Classics,15,15,0,1,5,multiple_distinct_track_artists,missing,62,multiple_artists;missing_albumartist;multiple_dates
CONTEMPORARY,/data/Music/CONTEMPORARY/Mamas and the Papas/Unknown Album,4,2,0,0,2,multiple_distinct_track_artists,missing,12,multiple_artists;missing_albumartist;missing_album_tag;multiple_dates;unknown_album_folder
CONTEMPORARY,/data/Music/CONTEMPORARY/Mamma Mia!,17,12,0,1,1,multiple_distinct_track_artists,missing,69,multiple_artists;missing_albumartist
CONTEMPORARY,/data/Music/CONTEMPORARY/Manu Chao/Clandestino,23,2,1,1,1,multiple_distinct_track_artists,single,81,multiple_artists
CONTEMPORARY,/data/Music/CONTEMPORARY/Manu Chao/Unknown Album,3,2,0,0,0,multiple_distinct_track_artists,missing,11,multiple_artists;missing_albumartist;missing_album_tag;missing_date;unknown_album_folder
CONTEMPORARY,/data/Music/CONTEMPORARY/Mary J Blige/Unknown Album,5,2,1,0,2,multiple_distinct_track_artists,single,22,multiple_artists;missing_album_tag;multiple_dates;unknown_album_folder
CONTEMPORARY,/data/Music/CONTEMPORARY/Massive Attack/Unknown Album,10,3,0,0,1,multiple_distinct_track_artists,missing,14,multiple_artists;missing_albumartist;missing_album_tag;unknown_album_folder
CONTEMPORARY,/data/Music/CONTEMPORARY/Michael Bublé/Call Me Irresponsible,13,3,0,1,1,multiple_distinct_track_artists,missing,72,multiple_artists;missing_albumartist
CONTEMPORARY,/data/Music/CONTEMPORARY/Michael Jackson/Number Ones,6,2,1,1,1,multiple_distinct_track_artists,single,96,multiple_artists
CONTEMPORARY,/data/Music/CONTEMPORARY/Michael Jackson/Unknown Album,102,2,0,0,5,multiple_distinct_track_artists,missing,6,multiple_artists;missing_albumartist;missing_album_tag;multiple_dates;unknown_album_folder
CONTEMPORARY,/data/Music/CONTEMPORARY/Midge Ure - If I Was,16,5,2,1,1,multiple_distinct_track_artists,multiple,88,multiple_artists;multiple_albumartists
CONTEMPORARY,/data/Music/CONTEMPORARY/Mika/Life In Cartoon Motion,21,2,1,1,2,multiple_distinct_track_artists,single,73,multiple_artists;multiple_dates
CONTEMPORARY,/data/Music/CONTEMPORARY/Miles Davis/At Last,5,2,1,1,1,multiple_distinct_track_artists,single,96,multiple_artists
CONTEMPORARY,/data/Music/CONTEMPORARY/Miles Davis/Unknown Album,4,3,0,0,0,multiple_distinct_track_artists,missing,10,multiple_artists;missing_albumartist;missing_album_tag;missing_date;unknown_album_folder
CONTEMPORARY,/data/Music/CONTEMPORARY/Million Sellers (The Fifties) Volume 03,18,18,0,1,1,multiple_distinct_track_artists,missing,69,multiple_artists;missing_albumartist
CONTEMPORARY,/data/Music/CONTEMPORARY/MInistry of sound/Unknown Album,2,2,0,0,0,multiple_distinct_track_artists,missing,17,multiple_artists;missing_albumartist;missing_album_tag;missing_date;unknown_album_folder
CONTEMPORARY,/data/Music/CONTEMPORARY/Morcheeba/Charango,24,4,0,1,1,multiple_distinct_track_artists,missing,69,multiple_artists;missing_albumartist
CONTEMPORARY,/data/Music/CONTEMPORARY/Motown - The Hits Collection Volume 1,14,13,1,2,1,multiple_distinct_track_artists,single,81,multiple_artists;multiple_album_tags
CONTEMPORARY,/data/Music/CONTEMPORARY/NarcoTango,12,2,0,1,1,multiple_distinct_track_artists,missing,73,multiple_artists;missing_albumartist
CONTEMPORARY,/data/Music/CONTEMPORARY/Nat King Cole - Legends,19,4,1,1,0,multiple_distinct_track_artists,single,76,multiple_artists;missing_date
CONTEMPORARY,/data/Music/CONTEMPORARY/Nelly Furtado/Unknown Album,5,2,1,1,3,multiple_distinct_track_artists,single,46,multiple_artists;multiple_dates;unknown_album_folder
CONTEMPORARY,/data/Music/CONTEMPORARY/New (2014.06-),59,46,42,50,20,multiple_distinct_track_artists,multiple,50,multiple_artists;multiple_albumartists;multiple_album_tags;multiple_dates
CONTEMPORARY,/data/Music/CONTEMPORARY/Nick Nicely/Secret Life of Chance,3,2,1,1,1,multiple_distinct_track_artists,single,96,multiple_artists
CONTEMPORARY,/data/Music/CONTEMPORARY/Nightmares On Wax/Carboot Soul,7,2,1,1,2,multiple_distinct_track_artists,single,82,multiple_artists;multiple_dates
CONTEMPORARY,/data/Music/CONTEMPORARY/Nightmares On Wax/in a space outta sound,36,3,0,3,1,multiple_distinct_track_artists,missing,54,multiple_artists;missing_albumartist;multiple_album_tags
CONTEMPORARY,/data/Music/CONTEMPORARY/Noir Désir/Unknown Album,6,3,0,2,2,multiple_distinct_track_artists,missing,16,multiple_artists;missing_albumartist;multiple_album_tags;multiple_dates;unknown_album_folder
CONTEMPORARY,/data/Music/CONTEMPORARY/Nu Cool 2007,26,26,0,2,7,multiple_distinct_track_artists,missing,46,multiple_artists;missing_albumartist;multiple_album_tags;multiple_dates
CONTEMPORARY,/data/Music/CONTEMPORARY/Nu Cool HK 55,30,30,0,2,7,multiple_distinct_track_artists,missing,46,multiple_artists;missing_albumartist;multiple_album_tags;multiple_dates
CONTEMPORARY,/data/Music/CONTEMPORARY/Omd/Unknown Album,3,2,0,0,0,multiple_distinct_track_artists,missing,13,multiple_artists;missing_albumartist;missing_album_tag;missing_date;unknown_album_folder
CONTEMPORARY,/data/Music/CONTEMPORARY/Outkast/Unknown Album,9,2,1,0,3,multiple_distinct_track_artists,single,18,multiple_artists;missing_album_tag;multiple_dates;unknown_album_folder
CONTEMPORARY,/data/Music/CONTEMPORARY/Paul McCartney/Unknown Album,4,2,0,0,2,multiple_distinct_track_artists,missing,11,multiple_artists;missing_albumartist;missing_album_tag;multiple_dates;unknown_album_folder
CONTEMPORARY,/data/Music/CONTEMPORARY/Portishead & DJ Shadow/Unknown Album,3,2,0,0,0,multiple_distinct_track_artists,missing,11,multiple_artists;missing_albumartist;missing_album_tag;missing_date;unknown_album_folder
CONTEMPORARY,/data/Music/CONTEMPORARY/Prince/Diamonds And Pearls,3,3,0,1,1,multiple_distinct_track_artists,missing,81,multiple_artists;missing_albumartist
CONTEMPORARY,/data/Music/CONTEMPORARY/Quantic/Stampede,2,2,1,2,1,multiple_distinct_track_artists,single,80,multiple_artists;multiple_album_tags
CONTEMPORARY,/data/Music/CONTEMPORARY/Quantic/Unknown Album,6,2,0,0,1,multiple_distinct_track_artists,missing,14,multiple_artists;missing_albumartist;missing_album_tag;unknown_album_folder
CONTEMPORARY,/data/Music/CONTEMPORARY/Ray Charles/Strong Love Affair,12,2,0,1,0,multiple_distinct_track_artists,missing,64,multiple_artists;missing_albumartist;missing_date
CONTEMPORARY,/data/Music/CONTEMPORARY/Ray Charles/Unknown Album,26,3,0,0,8,multiple_distinct_track_artists,missing,6,multiple_artists;missing_albumartist;missing_album_tag;multiple_dates;unknown_album_folder
CONTEMPORARY,/data/Music/CONTEMPORARY/Red Hot Chili Peppers/Unknown Album,35,2,0,0,2,multiple_distinct_track_artists,missing,6,multiple_artists;missing_albumartist;missing_album_tag;multiple_dates;unknown_album_folder
CONTEMPORARY,/data/Music/CONTEMPORARY/Rihanna/Unknown Album,10,3,0,0,0,multiple_distinct_track_artists,missing,9,multiple_artists;missing_albumartist;missing_album_tag;missing_date;unknown_album_folder
CONTEMPORARY,/data/Music/CONTEMPORARY/Robbie Williams/Swing When You're Winning,16,2,1,1,1,multiple_distinct_track_artists,single,81,multiple_artists
CONTEMPORARY,/data/Music/CONTEMPORARY/Röyksopp/Late Night Tales,19,18,1,1,14,multiple_distinct_track_artists,single,88,multiple_artists;multiple_dates
CONTEMPORARY,/data/Music/CONTEMPORARY/Serge Gainsbourg/Unknown Album,7,2,0,0,0,multiple_distinct_track_artists,missing,9,multiple_artists;missing_albumartist;missing_album_tag;missing_date;unknown_album_folder
CONTEMPORARY,/data/Music/CONTEMPORARY/Serve Chilled,27,27,0,2,5,multiple_distinct_track_artists,missing,46,multiple_artists;missing_albumartist;multiple_album_tags;multiple_dates
CONTEMPORARY,/data/Music/CONTEMPORARY/Sia/Music - Songs From and Inspired By the M,25,2,1,1,8,multiple_distinct_track_artists,single,88,multiple_artists;multiple_dates
CONTEMPORARY,/data/Music/CONTEMPORARY/Sia/Unknown Album,2,2,0,0,0,multiple_distinct_track_artists,missing,17,multiple_artists;missing_albumartist;missing_album_tag;missing_date;unknown_album_folder
CONTEMPORARY,/data/Music/CONTEMPORARY/Simon and Garfunkel/Unknown Album,16,3,0,0,4,multiple_distinct_track_artists,missing,6,multiple_artists;missing_albumartist;missing_album_tag;multiple_dates;unknown_album_folder
CONTEMPORARY,/data/Music/CONTEMPORARY/Sinéad O'Connor/Throw Down Your Arms,4,2,1,1,2,multiple_distinct_track_artists,single,84,multiple_artists;multiple_dates
CONTEMPORARY,/data/Music/CONTEMPORARY/Smashing Pumpkins/Siamese Dream,14,2,0,1,1,multiple_distinct_track_artists,missing,69,multiple_artists;missing_albumartist
CONTEMPORARY,/data/Music/CONTEMPORARY/SoundCloud,11,4,3,0,0,multiple_distinct_track_artists,multiple,43,multiple_artists;multiple_albumartists;missing_album_tag;missing_date
CONTEMPORARY,/data/Music/CONTEMPORARY/St Germain/Boulevard,16,2,1,1,2,multiple_distinct_track_artists,single,74,multiple_artists;multiple_dates
CONTEMPORARY,/data/Music/CONTEMPORARY/St Germain/Mezzotinto EP,1,2,0,2,1,multiple_distinct_track_artists,missing,69,multiple_artists;missing_albumartist;multiple_album_tags
CONTEMPORARY,/data/Music/CONTEMPORARY/St Germain/Tourist,21,2,0,1,2,multiple_distinct_track_artists,missing,61,multiple_artists;missing_albumartist;multiple_dates
CONTEMPORARY,/data/Music/CONTEMPORARY/St Germain/Tourist - Remixs,3,2,0,1,1,multiple_distinct_track_artists,missing,82,multiple_artists;missing_albumartist
CONTEMPORARY,/data/Music/CONTEMPORARY/St. Trinians (The Soundtrack),4,2,1,1,1,multiple_distinct_track_artists,single,96,multiple_artists
CONTEMPORARY,/data/Music/CONTEMPORARY/Stan Getz/Getz_Gilberto,15,5,2,1,1,multiple_distinct_track_artists,multiple,75,multiple_artists;multiple_albumartists
CONTEMPORARY,/data/Music/CONTEMPORARY/Stan Getz/History Of Jazz 50's-90's,3,3,0,1,1,multiple_distinct_track_artists,missing,82,multiple_artists;missing_albumartist
CONTEMPORARY,/data/Music/CONTEMPORARY/Stan Getz/Stan Getz and the Guitarists,25,2,1,1,1,multiple_distinct_track_artists,single,81,multiple_artists
CONTEMPORARY,/data/Music/CONTEMPORARY/Stan Getz/Unknown Album,2,2,0,0,1,multiple_distinct_track_artists,missing,24,multiple_artists;missing_albumartist;missing_album_tag;unknown_album_folder
CONTEMPORARY,"/data/Music/CONTEMPORARY/Stéphane Pompougnac/Hôtel Costes, Vol. 1 - Mixed by Stéphane",2,2,1,1,1,multiple_distinct_track_artists,single,96,multiple_artists
CONTEMPORARY,/data/Music/CONTEMPORARY/Texas,18,2,1,1,1,multiple_distinct_track_artists,single,96,multiple_artists
CONTEMPORARY,/data/Music/CONTEMPORARY/The Beatles/Abbey Road,19,2,1,1,2,multiple_distinct_track_artists,single,87,multiple_artists;multiple_dates
CONTEMPORARY,/data/Music/CONTEMPORARY/The Beatles/Help!,8,2,1,1,1,multiple_distinct_track_artists,single,95,multiple_artists
CONTEMPORARY,/data/Music/CONTEMPORARY/The Beatles/Please Please Me,11,2,1,1,1,multiple_distinct_track_artists,single,95,multiple_artists
CONTEMPORARY,/data/Music/CONTEMPORARY/The Cure/Unknown Album,11,2,0,1,0,multiple_distinct_track_artists,missing,34,multiple_artists;missing_albumartist;missing_date;unknown_album_folder
CONTEMPORARY,/data/Music/CONTEMPORARY/the doors/Unknown Album,10,2,0,0,0,multiple_distinct_track_artists,missing,9,multiple_artists;missing_albumartist;missing_album_tag;missing_date;unknown_album_folder
CONTEMPORARY,/data/Music/CONTEMPORARY/The Godfather Part III,17,7,0,1,1,multiple_distinct_track_artists,missing,69,multiple_artists;missing_albumartist
CONTEMPORARY,/data/Music/CONTEMPORARY/The Great Voices Of The Century,60,36,1,1,1,multiple_distinct_track_artists,single,96,multiple_artists
CONTEMPORARY,/data/Music/CONTEMPORARY/The Police/The Very Best of Sting & The Police,19,2,0,2,1,multiple_distinct_track_artists,missing,54,multiple_artists;missing_albumartist;multiple_album_tags
CONTEMPORARY,/data/Music/CONTEMPORARY/the quantic soul orchestra/Stampede,6,2,1,1,1,multiple_distinct_track_artists,single,95,multiple_artists
CONTEMPORARY,/data/Music/CONTEMPORARY/The Three Degrees - The Best Of,18,2,1,1,1,multiple_distinct_track_artists,single,96,multiple_artists
CONTEMPORARY,/data/Music/CONTEMPORARY/The Waterboys/The Whole Of The Moon - The Music Of,16,2,1,1,1,multiple_distinct_track_artists,single,96,multiple_artists
CONTEMPORARY,/data/Music/CONTEMPORARY/Thievery Corporation/The Cosmic Game,17,2,1,2,2,multiple_distinct_track_artists,single,58,multiple_artists;multiple_album_tags;multiple_dates
CONTEMPORARY,/data/Music/CONTEMPORARY/Tom Jones - Going for a Song - Disks 2-3,39,25,1,1,1,multiple_distinct_track_artists,single,96,multiple_artists
CONTEMPORARY,/data/Music/CONTEMPORARY/Too Chilled,14,12,0,1,1,multiple_distinct_track_artists,missing,71,multiple_artists;missing_albumartist
CONTEMPORARY,/data/Music/CONTEMPORARY/Too Chilled (Bonus Disc Mixed By Yukun),14,12,0,1,0,multiple_distinct_track_artists,missing,64,multiple_artists;missing_albumartist;missing_date
CONTEMPORARY,/data/Music/CONTEMPORARY/Twilight - New Moon/Twilight - New Moon,15,15,6,1,1,multiple_distinct_track_artists,multiple,80,multiple_artists;multiple_albumartists
CONTEMPORARY,/data/Music/CONTEMPORARY/U2/Songs of Experience (Deluxe Edition),33,2,1,1,4,multiple_distinct_track_artists,single,88,multiple_artists;multiple_dates
CONTEMPORARY,/data/Music/CONTEMPORARY/Various Artists/Billboard Hot 100,2,2,1,1,1,multiple_distinct_track_artists,single,96,multiple_artists
CONTEMPORARY,/data/Music/CONTEMPORARY/Volume 12,28,27,0,1,1,multiple_distinct_track_artists,missing,69,multiple_artists;missing_albumartist
CONTEMPORARY,/data/Music/CONTEMPORARY/We Sing. We Dance. We Steal Things_,12,3,1,1,1,multiple_distinct_track_artists,single,96,multiple_artists
CONTEMPORARY,/data/Music/CONTEMPORARY/Winter Chill 06.02 (Disc 1),15,15,0,1,1,multiple_distinct_track_artists,missing,70,multiple_artists;missing_albumartist
CONTEMPORARY,/data/Music/CONTEMPORARY/Winter Mix 2004 [Disc 1],13,13,0,1,1,multiple_distinct_track_artists,missing,72,multiple_artists;missing_albumartist
